voltage_mean,current_mean,current_max,power_mean,power_max,power_min,power_std,energy_delta_wh,frequency_mean,power_factor_mean,source_appliance,cluster,anomaly_distance,is_anomaly
237.78,2.6446666666666667,19.189,505.14666666666665,3665.5,1.0,1015.1474487317923,5.000000000000004,60.0,0.9333333333333333,Air Conditioner,2,0.0,False
238.09333333333333,2.0498666666666665,3.03,409.3066666666667,610.4,87.6,236.7967889100172,3.0000000000000027,59.99333333333333,0.8833333333333333,Air Conditioner,4,0.9716908407204744,False
237.82000000000002,2.9233333333333333,2.952,578.9266666666666,587.5,567.7,5.217753576104645,5.000000000000004,60.0,0.832,Air Conditioner,0,0.7869940474509689,False
237.64,2.9739999999999998,2.99,593.2533333333333,598.4,589.5,2.41656978459331,5.000000000000004,60.0,0.84,Air Conditioner,0,0.585267809858178,False
237.53333333333333,3.0081333333333333,3.024,602.4733333333334,607.1,599.2,2.211808137722439,5.000000000000004,60.0,0.84,Air Conditioner,0,0.5069645855664927,False
237.58666666666667,3.043266666666667,3.056,613.3533333333332,617.2,608.7,2.814976951609916,6.000000000000005,60.0,0.85,Air Conditioner,0,0.5247425652385284,False
237.58666666666667,3.0684666666666667,3.072,621.6733333333334,623.0,619.4,1.2724928664782877,5.000000000000004,60.00666666666667,0.85,Air Conditioner,0,0.4094040641814637,False
237.55333333333334,3.079533333333333,3.09,625.0866666666666,627.9,622.6,1.6383208593237393,5.000000000000004,60.0,0.8533333333333333,Air Conditioner,0,0.3986482724651496,False
237.56666666666666,3.094266666666667,3.101,629.14,630.5,627.7,1.000571265399471,5.000000000000004,60.0,0.8593333333333334,Air Conditioner,0,0.38692744221097175,False
237.6,3.0940000000000003,3.111,629.5,634.2,627.0,2.404460141368258,5.000000000000004,60.0,0.86,Air Conditioner,0,0.4092027525867983,False
237.76000000000002,3.1302666666666665,3.14,638.7066666666667,641.7,635.6,1.9351879446070637,6.000000000000005,60.0,0.86,Air Conditioner,0,0.5930885710804221,False
237.73333333333332,3.1502666666666665,3.161,645.0466666666667,648.3,641.6,1.9401276344857767,5.000000000000004,60.0,0.86,Air Conditioner,0,0.5096627565262086,False
237.51333333333332,3.1619333333333333,3.165,648.2933333333333,648.8,647.9,0.2520393015460139,6.000000000000005,60.0,0.86,Air Conditioner,0,0.43970377499086255,False
237.2133333333333,3.158666666666667,3.164,648.7466666666667,649.2,648.2,0.2531703736522838,5.000000000000004,60.00666666666667,0.868,Air Conditioner,0,0.225871305541331,False
237.1,3.153,3.158,647.7266666666667,648.4,646.9,0.48176263667418234,5.000000000000004,60.026666666666664,0.87,Air Conditioner,0,0.22093996600261506,False
236.96666666666667,3.1468,3.152,645.14,646.4,644.1,0.5925730816893766,6.000000000000005,60.0,0.8666666666666667,Air Conditioner,0,0.4703949825239771,False
236.82666666666668,3.1531333333333333,3.158,646.9933333333333,648.3,645.9,0.7372406727275312,5.000000000000004,60.0,0.87,Air Conditioner,0,0.5007218807169276,False
236.91333333333336,3.1638,3.169,650.0,651.6,648.1,1.344831375515695,5.999999999999894,60.0,0.87,Air Conditioner,0,0.5110492907703522,False
237.10666666666665,3.1668,3.172,651.0733333333334,652.5,649.1,1.2290918056299749,5.000000000000004,60.0,0.87,Air Conditioner,0,0.3199432804385149,False
237.06666666666666,3.1634666666666664,3.167,650.3466666666667,651.5,649.6,0.6577740240133192,5.000000000000004,60.0,0.87,Air Conditioner,0,0.3391892140287979,False
236.84,3.1632666666666664,3.168,650.74,652.0,649.5,0.783581520966374,6.000000000000005,60.0,0.87,Air Conditioner,0,0.5593710686045312,False
236.57333333333332,3.1535333333333333,3.159,648.36,649.7,647.0,1.0027106120056088,5.000000000000004,60.0,0.87,Air Conditioner,0,0.7126114152481563,False
237.07333333333332,3.1542666666666666,3.163,649.1533333333333,651.4,647.7,1.2766399350676558,6.000000000000005,60.019999999999996,0.87,Air Conditioner,0,0.3606980096474758,False
237.13333333333333,3.1701333333333332,3.176,653.02,653.8,651.5,0.6427618977061865,5.000000000000004,60.013333333333335,0.87,Air Conditioner,0,0.23304918297842414,False
237.15333333333334,3.170666666666667,3.175,653.52,653.9,653.3,0.2042407542932823,6.000000000000005,60.013333333333335,0.87,Air Conditioner,0,0.3477515764952332,False
237.17333333333332,3.1713999999999998,3.176,654.92,655.9,653.5,0.6212889826802954,5.000000000000004,60.080000000000005,0.87,Air Conditioner,0,0.5536469502946562,False
237.10666666666665,3.175733333333333,3.179,655.8666666666667,656.8,655.3,0.37352886036263566,5.000000000000004,60.07333333333334,0.87,Air Conditioner,0,0.5117719952311067,False
237.40666666666667,3.1727333333333334,3.178,656.0666666666667,656.6,655.6,0.30394235042348616,6.000000000000005,60.13333333333333,0.87,Air Conditioner,0,1.0767862476679155,False
237.43333333333334,3.1685999999999996,3.176,654.28,656.3,652.8,0.9936944054529916,5.000000000000004,60.080000000000005,0.87,Air Conditioner,0,0.5672692600206237,False
236.92666666666668,3.1582,3.162,652.0333333333333,652.5,651.3,0.33523268393899786,6.000000000000005,60.1,0.87,Air Conditioner,0,0.8375031261453402,False
236.9,3.158625,3.162,653.1,654.2,652.2,0.6969320524371697,3.0000000000000027,60.1625,0.87,Air Conditioner,0,1.6206619300528176,False
239.2,0.012933333333333333,0.034,2.12,2.8,1.2,0.4039094665180023,0.0,60.186666666666675,0.7293333333333333,Refrigerator,5,0.688602961573396,False
239.05333333333334,0.0,0.0,2.013333333333333,2.3,1.9,0.1187233679409329,0.0,60.19333333333334,1.0,Refrigerator,1,1.1455833953277232,False
239.16153846153844,0.0,0.0,2.0,2.2,1.9,0.09128709291752778,0.0,60.19230769230769,1.0,Refrigerator,1,1.1614021800630772,False
239.25333333333336,0.0124,0.034,2.2266666666666666,2.7,1.9,0.2604026186687143,0.0,60.220000000000006,0.7366666666666667,Refrigerator,5,0.7738627073428159,False
239.25333333333336,0.0,0.0,1.9933333333333332,2.1,1.9,0.07988086367179807,0.0,60.22666666666667,1.0,Refrigerator,1,1.489950942595854,False
239.20666666666665,0.0,0.0,2.04,2.3,1.9,0.11832159566199238,0.0,60.20666666666667,1.0,Refrigerator,1,1.3001149535557874,False
239.10714285714286,0.0,0.0,1.9785714285714284,2.1,1.8,0.11883130530663676,0.0,60.271428571428565,1.0,Refrigerator,1,1.8671626728943305,True
238.17142857142858,0.254,3.36,53.807142857142864,724.7,1.9,193.09637475896577,1.0000000000000009,60.18571428571429,0.6992857142857142,Refrigerator,5,2.0745222165080017,True
238.23333333333332,0.3874666666666667,0.391,89.61333333333333,90.5,88.3,0.7726269351714234,0.0,60.2,0.9706666666666666,Refrigerator,1,1.3781293546622824,False
237.48,1.9898,3.383,406.4866666666667,685.0,1.1,340.8408926394221,4.0000000000000036,60.220000000000006,0.912,Refrigerator,4,2.274001630058948,True
238.65333333333334,0.006,0.033,2.14,2.6,1.9,0.19928443419967784,0.0,60.14666666666667,0.8693333333333333,Refrigerator,5,1.607066025138511,False
238.60666666666665,0.012866666666666667,0.033,2.2266666666666666,2.6,1.9,0.26850556436550455,0.0,60.166666666666664,0.7313333333333334,Refrigerator,5,0.5849874249912882,False
238.70666666666665,0.0,0.0,1.9733333333333334,2.3,1.8,0.13345232785352154,0.0,60.120000000000005,1.0,Refrigerator,1,0.4826206115902182,False
238.57333333333332,0.17926666666666666,1.931,41.26,419.9,1.9,108.94228353975852,0.0,60.093333333333334,0.9906666666666666,Refrigerator,1,1.1585255606639013,False
238.62666666666667,0.33766666666666667,0.392,78.40666666666667,91.0,1.2,31.33363019109629,1.0000000000000009,60.07333333333334,0.974,Refrigerator,1,0.5378336981048134,False
237.57333333333332,1.6660666666666666,3.343,343.2,682.0,1.8,336.15325586489774,3.0000000000000027,60.019999999999996,0.9306666666666668,Refrigerator,4,0.4079361291235825,False
238.91428571428574,0.0,0.0,2.0714285714285716,2.2,1.8,0.13259870882635924,0.0,60.0,1.0,Refrigerator,1,0.7670681308376918,False
238.98666666666668,0.0,0.0,2.0466666666666664,2.3,1.8,0.13557637102737485,0.0,59.96,1.0,Refrigerator,1,1.1359302524741295,False
239.16,0.0,0.0,2.04,2.2,1.9,0.11212238211627769,0.0,59.95333333333333,1.0,Refrigerator,1,1.2301833846868586,False
238.58666666666664,0.0,0.0,2.06,2.3,1.8,0.16388149028228557,0.0,59.92666666666666,1.0,Refrigerator,1,1.4463988378853903,False
238.46,0.0,0.0,2.0533333333333332,2.3,1.8,0.13557637102737488,0.0,59.919999999999995,1.0,Refrigerator,1,1.5288052126218863,False
238.39333333333335,0.2652,0.447,89.7,414.2,1.9,98.66432992728424,0.0,59.96,0.982,Refrigerator,1,1.4817486395450594,False
237.7133333333333,1.0365333333333333,3.308,216.91333333333333,676.5,1.1,285.892706814154,2.0000000000000018,59.906666666666666,0.95,Refrigerator,4,1.034741782997622,False
237.5090909090909,0.9617272727272728,3.231,200.5181818181818,664.5,1.7,302.49339106229024,2.0000000000000018,59.81818181818182,0.9581818181818181,Refrigerator,4,1.8042118179004627,True
235.52,0.0,0.0,2.0733333333333333,2.3,1.8,0.1533747356112132,0.0,59.846666666666664,1.0,Refrigerator,3,0.35527275166635014,False
234.76666666666668,0.0,0.0,2.06,2.3,1.8,0.12983506020002025,0.0,59.846666666666664,1.0,Refrigerator,3,0.6857707241176152,False
234.98666666666668,0.0,0.0,2.0,2.3,1.8,0.13627702877384937,0.0,59.839999999999996,1.0,Refrigerator,3,0.5460430906547662,False
235.2133333333333,0.0,0.0,2.04,2.2,1.8,0.12421180068162394,0.0,59.91333333333333,1.0,Refrigerator,3,0.4992370858149093,False
235.64666666666665,0.0,0.0,2.0533333333333332,2.2,1.9,0.13020130933435722,0.0,59.89333333333333,1.0,Refrigerator,3,0.3980902361428948,False
236.26666666666668,0.30033333333333334,2.135,67.8,455.6,1.9,115.9161704484261,0.0,59.88666666666666,0.982,Refrigerator,3,1.485421275811074,False
238.52307692307693,0.2893846153846154,0.403,67.22307692307692,93.3,1.3,40.722662688118234,1.0000000000000009,59.93076923076923,0.9769230769230769,Refrigerator,1,1.480012700003555,False
