timestamp,appliance,voltage_v,current_a,power_watts,energy_kwh,frequency_hz,power_factor
2026-09-25T23:30:01.230Z,"Air Conditioner",238.80,0.000,1.10,0.4730,60.0,1.000
2026-09-25T23:30:02.412Z,"Air Conditioner",238.80,0.000,1.20,0.4730,60.0,1.000
2026-09-25T23:30:04.359Z,"Air Conditioner",237.60,2.457,359.90,0.4730,60.0,0.620
2026-09-25T23:30:06.379Z,"Air Conditioner",229.30,19.189,3665.50,0.4750,60.0,0.830
2026-09-25T23:30:08.373Z,"Air Conditioner",239.30,0.000,1.00,0.4750,60.0,1.000
2026-09-25T23:30:10.381Z,"Air Conditioner",239.10,0.000,1.20,0.4750,60.0,1.000
2026-09-25T23:30:12.356Z,"Air Conditioner",239.10,0.000,1.10,0.4750,60.0,1.000
2026-09-25T23:30:14.375Z,"Air Conditioner",235.30,7.347,1303.70,0.4770,60.0,0.750
2026-09-25T23:30:16.394Z,"Air Conditioner",234.80,8.452,1715.70,0.4780,60.0,0.860
2026-09-25T23:30:18.375Z,"Air Conditioner",239.10,0.373,88.30,0.4780,60.0,0.990
2026-09-25T23:30:20.457Z,"Air Conditioner",239.10,0.371,87.80,0.4780,60.0,0.990
2026-09-25T23:30:22.377Z,"Air Conditioner",239.00,0.370,87.70,0.4780,60.0,0.990
2026-09-25T23:30:24.366Z,"Air Conditioner",239.10,0.370,87.60,0.4780,60.0,0.990
2026-09-25T23:30:26.371Z,"Air Conditioner",239.10,0.370,87.60,0.4780,60.0,0.990
2026-09-25T23:30:28.410Z,"Air Conditioner",239.20,0.371,87.80,0.4780,60.0,0.990
2026-09-25T23:30:30.343Z,"Air Conditioner",239.30,0.370,87.80,0.4780,60.0,0.990
2026-09-25T23:30:32.390Z,"Air Conditioner",239.30,0.371,87.90,0.4780,60.0,0.990
2026-09-25T23:30:34.462Z,"Air Conditioner",239.10,0.371,87.80,0.4780,60.0,0.990
2026-09-25T23:30:36.379Z,"Air Conditioner",239.00,0.370,87.60,0.4780,60.0,0.990
2026-09-25T23:30:38.446Z,"Air Conditioner",239.10,0.371,87.90,0.4780,60.0,0.990
2026-09-25T23:30:40.390Z,"Air Conditioner",237.60,2.646,499.60,0.4790,60.0,0.790
2026-09-25T23:30:42.401Z,"Air Conditioner",237.50,2.755,533.10,0.4790,60.0,0.810
2026-09-25T23:30:44.485Z,"Air Conditioner",237.60,2.888,571.10,0.4790,60.0,0.830
2026-09-25T23:30:46.447Z,"Air Conditioner",237.50,2.907,577.30,0.4800,60.0,0.840
2026-09-25T23:30:48.487Z,"Air Conditioner",237.40,3.024,609.10,0.4800,60.0,0.850
2026-09-25T23:30:50.424Z,"Air Conditioner",237.10,3.030,610.40,0.4800,60.0,0.850
2026-09-25T23:30:52.468Z,"Air Conditioner",237.20,2.939,584.20,0.4810,60.0,0.840
2026-09-25T23:30:54.429Z,"Air Conditioner",237.80,2.911,575.00,0.4810,59.9,0.830
2026-09-25T23:30:56.471Z,"Air Conditioner",237.90,2.905,572.50,0.4810,60.0,0.830
2026-09-25T23:30:58.403Z,"Air Conditioner",238.00,2.890,568.30,0.4810,60.0,0.830
2026-09-25T23:31:00.361Z,"Air Conditioner",237.80,2.885,567.70,0.4820,60.0,0.830
2026-09-25T23:31:02.382Z,"Air Conditioner",237.80,2.901,571.40,0.4820,60.0,0.830
2026-09-25T23:31:04.433Z,"Air Conditioner",237.80,2.908,573.10,0.4830,60.0,0.830
2026-09-25T23:31:06.488Z,"Air Conditioner",237.90,2.917,576.50,0.4830,60.0,0.830
2026-09-25T23:31:08.467Z,"Air Conditioner",238.10,2.925,577.90,0.4830,60.0,0.830
2026-09-25T23:31:10.405Z,"Air Conditioner",237.90,2.922,579.10,0.4830,60.0,0.830
2026-09-25T23:31:12.451Z,"Air Conditioner",237.80,2.925,579.70,0.4840,60.0,0.830
2026-09-25T23:31:14.392Z,"Air Conditioner",237.80,2.923,579.50,0.4840,60.0,0.830
2026-09-25T23:31:16.443Z,"Air Conditioner",237.70,2.922,579.40,0.4840,60.0,0.830
2026-09-25T23:31:18.384Z,"Air Conditioner",237.80,2.926,580.10,0.4850,60.0,0.830
2026-09-25T23:31:20.433Z,"Air Conditioner",237.90,2.928,580.80,0.4850,60.0,0.830
2026-09-25T23:31:22.488Z,"Air Conditioner",237.90,2.934,581.90,0.4850,60.0,0.830
2026-09-25T23:31:24.429Z,"Air Conditioner",237.70,2.936,583.30,0.4860,60.0,0.840
2026-09-25T23:31:26.475Z,"Air Conditioner",237.70,2.946,586.00,0.4860,60.0,0.840
2026-09-25T23:31:28.421Z,"Air Conditioner",237.70,2.952,587.50,0.4860,60.0,0.840
2026-09-25T23:31:30.356Z,"Air Conditioner",237.60,2.958,589.50,0.4870,60.0,0.840
2026-09-25T23:31:32.410Z,"Air Conditioner",237.60,2.964,590.60,0.4870,60.0,0.840
2026-09-25T23:31:34.466Z,"Air Conditioner",237.80,2.968,591.50,0.4870,60.0,0.840
2026-09-25T23:31:36.617Z,"Air Conditioner",237.80,2.974,592.20,0.4880,60.0,0.840
2026-09-25T23:31:38.464Z,"Air Conditioner",237.70,2.970,591.70,0.4880,60.0,0.840
2026-09-25T23:31:40.375Z,"Air Conditioner",237.70,2.971,592.00,0.4880,60.0,0.840
2026-09-25T23:31:42.452Z,"Air Conditioner",237.60,2.971,591.70,0.4890,60.0,0.840
2026-09-25T23:31:44.406Z,"Air Conditioner",237.60,2.972,592.30,0.4890,60.0,0.840
2026-09-25T23:31:46.372Z,"Air Conditioner",237.70,2.976,593.30,0.4890,60.0,0.840
2026-09-25T23:31:48.381Z,"Air Conditioner",237.80,2.978,594.00,0.4900,60.0,0.840
2026-09-25T23:31:50.385Z,"Air Conditioner",237.60,2.974,594.10,0.4900,60.0,0.840
2026-09-25T23:31:52.384Z,"Air Conditioner",237.60,2.980,595.30,0.4900,60.0,0.840
2026-09-25T23:31:54.378Z,"Air Conditioner",237.40,2.980,595.40,0.4910,60.0,0.840
2026-09-25T23:31:56.382Z,"Air Conditioner",237.40,2.984,596.80,0.4910,60.0,0.840
2026-09-25T23:31:58.380Z,"Air Conditioner",237.70,2.990,598.40,0.4910,60.0,0.840
2026-09-25T23:32:00.387Z,"Air Conditioner",237.70,2.998,599.20,0.4920,60.0,0.840
2026-09-25T23:32:02.351Z,"Air Conditioner",237.40,2.999,599.60,0.4920,60.0,0.840
2026-09-25T23:32:04.355Z,"Air Conditioner",237.40,2.996,599.70,0.4920,60.0,0.840
2026-09-25T23:32:06.393Z,"Air Conditioner",237.40,3.001,600.80,0.4930,60.0,0.840
2026-09-25T23:32:08.401Z,"Air Conditioner",237.60,3.009,602.00,0.4930,60.0,0.840
2026-09-25T23:32:10.358Z,"Air Conditioner",237.60,3.012,602.40,0.4930,60.0,0.840
2026-09-25T23:32:12.387Z,"Air Conditioner",237.60,3.007,602.60,0.4940,60.0,0.840
2026-09-25T23:32:14.369Z,"Air Conditioner",237.40,3.007,602.70,0.4940,60.0,0.840
2026-09-25T23:32:16.377Z,"Air Conditioner",237.50,3.008,602.80,0.4940,60.0,0.840
2026-09-25T23:32:18.381Z,"Air Conditioner",237.50,3.011,602.70,0.4950,60.0,0.840
2026-09-25T23:32:20.411Z,"Air Conditioner",237.40,3.007,602.40,0.4950,60.0,0.840
2026-09-25T23:32:22.376Z,"Air Conditioner",237.40,3.005,602.40,0.4950,60.0,0.840
2026-09-25T23:32:24.423Z,"Air Conditioner",237.70,3.016,604.80,0.4960,60.0,0.840
2026-09-25T23:32:26.407Z,"Air Conditioner",237.80,3.022,605.90,0.4960,60.0,0.840
2026-09-25T23:32:28.378Z,"Air Conditioner",237.60,3.024,607.10,0.4960,60.0,0.840
2026-09-25T23:32:30.364Z,"Air Conditioner",237.60,3.028,608.70,0.4970,60.0,0.850
2026-09-25T23:32:32.371Z,"Air Conditioner",237.50,3.031,609.10,0.4970,60.0,0.850
2026-09-25T23:32:34.372Z,"Air Conditioner",237.60,3.034,610.40,0.4970,60.0,0.850
2026-09-25T23:32:36.470Z,"Air Conditioner",237.80,3.035,610.80,0.4980,60.0,0.850
2026-09-25T23:32:38.389Z,"Air Conditioner",237.70,3.040,611.90,0.4980,60.0,0.850
2026-09-25T23:32:40.374Z,"Air Conditioner",237.60,3.037,612.00,0.4980,60.0,0.850
2026-09-25T23:32:42.376Z,"Air Conditioner",237.60,3.040,612.70,0.4990,60.0,0.850
2026-09-25T23:32:44.405Z,"Air Conditioner",237.60,3.046,614.00,0.4990,60.0,0.850
2026-09-25T23:32:46.376Z,"Air Conditioner",237.40,3.043,613.90,0.4990,60.0,0.850
2026-09-25T23:32:48.400Z,"Air Conditioner",237.70,3.050,614.90,0.5000,60.0,0.850
2026-09-25T23:32:50.432Z,"Air Conditioner",237.60,3.048,615.20,0.5000,60.0,0.850
2026-09-25T23:32:52.368Z,"Air Conditioner",237.60,3.056,616.30,0.5000,60.0,0.850
2026-09-25T23:32:54.444Z,"Air Conditioner",237.60,3.051,616.10,0.5010,60.0,0.850
2026-09-25T23:32:56.484Z,"Air Conditioner",237.50,3.056,617.10,0.5010,60.0,0.850
2026-09-25T23:32:58.433Z,"Air Conditioner",237.40,3.054,617.20,0.5020,60.0,0.850
2026-09-25T23:33:00.340Z,"Air Conditioner",237.80,3.065,619.40,0.5020,60.0,0.850
2026-09-25T23:33:02.414Z,"Air Conditioner",237.80,3.063,619.60,0.5020,60.0,0.850
2026-09-25T23:33:04.472Z,"Air Conditioner",237.60,3.065,620.20,0.5020,60.0,0.850
2026-09-25T23:33:06.407Z,"Air Conditioner",237.50,3.063,620.20,0.5030,60.0,0.850
2026-09-25T23:33:08.508Z,"Air Conditioner",237.50,3.068,621.10,0.5030,60.0,0.850
2026-09-25T23:33:10.406Z,"Air Conditioner",237.30,3.068,621.20,0.5040,60.0,0.850
2026-09-25T23:33:12.435Z,"Air Conditioner",237.60,3.071,622.10,0.5040,60.0,0.850
2026-09-25T23:33:14.408Z,"Air Conditioner",237.60,3.072,622.40,0.5040,60.0,0.850
2026-09-25T23:33:16.459Z,"Air Conditioner",237.50,3.069,622.40,0.5050,60.1,0.850
2026-09-25T23:33:18.382Z,"Air Conditioner",237.60,3.072,622.80,0.5050,60.0,0.850
2026-09-25T23:33:20.453Z,"Air Conditioner",237.60,3.069,622.60,0.5050,60.0,0.850
2026-09-25T23:33:22.382Z,"Air Conditioner",237.60,3.070,622.70,0.5060,60.0,0.850
2026-09-25T23:33:24.372Z,"Air Conditioner",237.60,3.072,622.80,0.5060,60.0,0.850
2026-09-25T23:33:26.391Z,"Air Conditioner",237.60,3.070,623.00,0.5060,60.0,0.850
2026-09-25T23:33:28.441Z,"Air Conditioner",237.60,3.070,622.60,0.5070,60.0,0.850
2026-09-25T23:33:30.391Z,"Air Conditioner",237.50,3.071,622.60,0.5070,60.0,0.850
2026-09-25T23:33:32.432Z,"Air Conditioner",237.50,3.070,622.80,0.5070,60.0,0.850
2026-09-25T23:33:34.371Z,"Air Conditioner",237.50,3.075,623.20,0.5080,60.0,0.850
2026-09-25T23:33:36.424Z,"Air Conditioner",237.70,3.077,623.70,0.5080,60.0,0.850
2026-09-25T23:33:38.473Z,"Air Conditioner",237.70,3.076,624.10,0.5080,60.0,0.850
2026-09-25T23:33:40.400Z,"Air Conditioner",237.50,3.076,624.00,0.5090,60.0,0.850
2026-09-25T23:33:42.374Z,"Air Conditioner",237.50,3.079,625.00,0.5090,60.0,0.850
2026-09-25T23:33:44.413Z,"Air Conditioner",237.50,3.079,625.20,0.5090,60.0,0.850
2026-09-25T23:33:46.456Z,"Air Conditioner",237.60,3.081,625.90,0.5100,60.0,0.860
2026-09-25T23:33:48.412Z,"Air Conditioner",237.60,3.082,626.10,0.5100,60.0,0.850
2026-09-25T23:33:50.445Z,"Air Conditioner",237.60,3.080,625.70,0.5100,60.0,0.860
2026-09-25T23:33:52.405Z,"Air Conditioner",237.40,3.083,626.10,0.5110,60.0,0.860
2026-09-25T23:33:54.371Z,"Air Conditioner",237.60,3.087,626.70,0.5110,60.0,0.850
2026-09-25T23:33:56.388Z,"Air Conditioner",237.50,3.087,627.30,0.5120,60.0,0.860
2026-09-25T23:33:58.448Z,"Air Conditioner",237.60,3.090,627.90,0.5120,60.0,0.860
2026-09-25T23:34:00.357Z,"Air Conditioner",237.70,3.094,629.00,0.5120,60.0,0.860
2026-09-25T23:34:02.439Z,"Air Conditioner",237.60,3.097,629.60,0.5130,60.0,0.860
2026-09-25T23:34:04.367Z,"Air Conditioner",237.50,3.098,630.10,0.5130,60.0,0.860
2026-09-25T23:34:06.365Z,"Air Conditioner",237.60,3.099,630.50,0.5130,60.0,0.860
2026-09-25T23:34:08.454Z,"Air Conditioner",237.50,3.100,630.30,0.5140,60.0,0.860
2026-09-25T23:34:10.357Z,"Air Conditioner",237.60,3.100,630.20,0.5140,60.0,0.860
2026-09-25T23:34:12.389Z,"Air Conditioner",237.70,3.101,630.20,0.5140,60.0,0.850
2026-09-25T23:34:14.361Z,"Air Conditioner",237.60,3.097,629.60,0.5150,60.0,0.860
2026-09-25T23:34:16.459Z,"Air Conditioner",237.40,3.093,629.00,0.5150,60.0,0.860
2026-09-25T23:34:18.381Z,"Air Conditioner",237.40,3.092,628.50,0.5150,60.0,0.860
2026-09-25T23:34:20.376Z,"Air Conditioner",237.50,3.093,628.60,0.5160,60.0,0.860
2026-09-25T23:34:22.380Z,"Air Conditioner",237.50,3.089,627.90,0.5160,60.0,0.860
2026-09-25T23:34:24.423Z,"Air Conditioner",237.70,3.088,628.10,0.5160,60.0,0.860
2026-09-25T23:34:26.395Z,"Air Conditioner",237.70,3.087,627.80,0.5170,60.0,0.860
2026-09-25T23:34:28.379Z,"Air Conditioner",237.50,3.086,627.70,0.5170,60.0,0.860
2026-09-25T23:34:30.334Z,"Air Conditioner",237.50,3.088,627.90,0.5170,60.0,0.860
2026-09-25T23:34:32.368Z,"Air Conditioner",237.40,3.085,627.50,0.5180,60.0,0.860
2026-09-25T23:34:34.383Z,"Air Conditioner",237.40,3.083,627.00,0.5180,60.0,0.860
2026-09-25T23:34:36.373Z,"Air Conditioner",237.50,3.086,627.50,0.5180,60.0,0.860
2026-09-25T23:34:38.363Z,"Air Conditioner",237.60,3.088,627.60,0.5190,60.0,0.860
2026-09-25T23:34:40.372Z,"Air Conditioner",237.60,3.088,627.70,0.5190,60.0,0.860
2026-09-25T23:34:42.379Z,"Air Conditioner",237.60,3.089,627.80,0.5200,60.0,0.860
2026-09-25T23:34:44.373Z,"Air Conditioner",237.70,3.090,628.10,0.5200,60.0,0.860
2026-09-25T23:34:46.378Z,"Air Conditioner",237.70,3.093,629.20,0.5200,60.0,0.860
2026-09-25T23:34:48.359Z,"Air Conditioner",237.80,3.096,629.90,0.5210,60.0,0.860
2026-09-25T23:34:50.371Z,"Air Conditioner",237.70,3.099,630.70,0.5210,60.0,0.860
2026-09-25T23:34:52.387Z,"Air Conditioner",237.60,3.101,631.50,0.5210,60.0,0.860
2026-09-25T23:34:54.377Z,"Air Conditioner",237.60,3.104,632.30,0.5220,60.0,0.860
2026-09-25T23:34:56.375Z,"Air Conditioner",237.70,3.109,633.60,0.5220,60.0,0.860
2026-09-25T23:34:58.362Z,"Air Conditioner",237.60,3.111,634.20,0.5220,60.0,0.860
2026-09-25T23:35:00.399Z,"Air Conditioner",237.70,3.116,635.60,0.5230,60.0,0.860
2026-09-25T23:35:02.371Z,"Air Conditioner",237.80,3.119,636.20,0.5230,60.0,0.860
2026-09-25T23:35:04.385Z,"Air Conditioner",237.90,3.122,636.90,0.5230,60.0,0.860
2026-09-25T23:35:06.355Z,"Air Conditioner",237.90,3.124,637.30,0.5240,60.0,0.860
2026-09-25T23:35:08.354Z,"Air Conditioner",237.80,3.124,637.30,0.5240,60.0,0.860
2026-09-25T23:35:10.415Z,"Air Conditioner",237.70,3.128,637.80,0.5250,60.0,0.860
2026-09-25T23:35:12.456Z,"Air Conditioner",237.70,3.129,638.00,0.5250,60.0,0.860
2026-09-25T23:35:14.387Z,"Air Conditioner",237.80,3.132,638.60,0.5250,60.0,0.860
2026-09-25T23:35:16.407Z,"Air Conditioner",237.70,3.132,638.90,0.5260,60.0,0.860
2026-09-25T23:35:18.484Z,"Air Conditioner",237.60,3.135,639.30,0.5260,60.0,0.860
2026-09-25T23:35:20.473Z,"Air Conditioner",237.70,3.136,639.60,0.5260,60.0,0.860
2026-09-25T23:35:22.403Z,"Air Conditioner",237.80,3.139,640.90,0.5270,60.0,0.860
2026-09-25T23:35:24.452Z,"Air Conditioner",237.90,3.140,641.40,0.5270,60.0,0.860
2026-09-25T23:35:26.399Z,"Air Conditioner",237.70,3.138,641.10,0.5270,60.0,0.860
2026-09-25T23:35:28.437Z,"Air Conditioner",237.70,3.140,641.70,0.5280,60.0,0.860
2026-09-25T23:35:30.339Z,"Air Conditioner",237.60,3.138,641.60,0.5280,60.0,0.860
2026-09-25T23:35:32.443Z,"Air Conditioner",237.80,3.142,642.50,0.5280,60.0,0.860
2026-09-25T23:35:34.399Z,"Air Conditioner",237.70,3.141,642.50,0.5290,60.0,0.860
2026-09-25T23:35:36.368Z,"Air Conditioner",237.80,3.143,643.30,0.5290,60.0,0.860
2026-09-25T23:35:38.368Z,"Air Conditioner",237.70,3.146,643.80,0.5290,60.0,0.860
2026-09-25T23:35:40.544Z,"Air Conditioner",237.90,3.150,644.90,0.5300,60.0,0.860
2026-09-25T23:35:42.355Z,"Air Conditioner",237.70,3.151,645.20,0.5300,60.0,0.860
2026-09-25T23:35:44.424Z,"Air Conditioner",237.70,3.153,645.50,0.5310,60.0,0.860
2026-09-25T23:35:46.376Z,"Air Conditioner",237.70,3.155,646.00,0.5310,60.0,0.860
2026-09-25T23:35:48.394Z,"Air Conditioner",237.70,3.155,646.10,0.5310,60.0,0.860
2026-09-25T23:35:50.448Z,"Air Conditioner",237.80,3.154,645.90,0.5320,60.0,0.860
2026-09-25T23:35:52.405Z,"Air Conditioner",237.60,3.152,645.90,0.5320,60.0,0.860
2026-09-25T23:35:54.469Z,"Air Conditioner",237.70,3.155,646.60,0.5320,60.0,0.860
2026-09-25T23:35:56.352Z,"Air Conditioner",237.80,3.158,647.60,0.5330,60.0,0.860
2026-09-25T23:35:58.443Z,"Air Conditioner",237.80,3.161,648.30,0.5330,60.0,0.860
2026-09-25T23:36:00.399Z,"Air Conditioner",237.70,3.160,648.20,0.5330,60.0,0.860
2026-09-25T23:36:02.448Z,"Air Conditioner",237.70,3.161,648.40,0.5340,60.0,0.860
2026-09-25T23:36:04.378Z,"Air Conditioner",237.70,3.159,648.00,0.5340,60.0,0.860
2026-09-25T23:36:06.442Z,"Air Conditioner",237.70,3.161,648.20,0.5350,60.0,0.860
2026-09-25T23:36:08.381Z,"Air Conditioner",237.70,3.165,648.80,0.5350,60.0,0.860
2026-09-25T23:36:10.426Z,"Air Conditioner",237.60,3.163,648.40,0.5350,60.0,0.860
2026-09-25T23:36:12.483Z,"Air Conditioner",237.60,3.162,648.50,0.5360,60.0,0.860
2026-09-25T23:36:14.413Z,"Air Conditioner",237.30,3.162,648.00,0.5360,60.0,0.860
2026-09-25T23:36:16.462Z,"Air Conditioner",237.40,3.162,647.90,0.5360,60.0,0.860
2026-09-25T23:36:18.371Z,"Air Conditioner",237.40,3.160,648.10,0.5370,60.0,0.860
2026-09-25T23:36:20.442Z,"Air Conditioner",237.40,3.161,648.10,0.5370,60.0,0.860
2026-09-25T23:36:22.373Z,"Air Conditioner",237.40,3.163,648.30,0.5370,60.0,0.860
2026-09-25T23:36:24.490Z,"Air Conditioner",237.40,3.164,648.50,0.5380,60.0,0.860
2026-09-25T23:36:26.376Z,"Air Conditioner",237.40,3.164,648.60,0.5380,60.0,0.860
2026-09-25T23:36:28.347Z,"Air Conditioner",237.30,3.162,648.40,0.5390,60.0,0.860
2026-09-25T23:36:30.348Z,"Air Conditioner",237.30,3.164,648.70,0.5390,60.0,0.860
2026-09-25T23:36:32.450Z,"Air Conditioner",237.40,3.164,648.60,0.5390,60.0,0.860
2026-09-25T23:36:34.370Z,"Air Conditioner",237.50,3.164,649.10,0.5400,60.0,0.860
2026-09-25T23:36:36.389Z,"Air Conditioner",237.20,3.160,648.80,0.5400,60.0,0.870
2026-09-25T23:36:38.364Z,"Air Conditioner",237.10,3.159,648.60,0.5400,60.0,0.870
2026-09-25T23:36:40.375Z,"Air Conditioner",237.20,3.156,648.80,0.5410,60.1,0.870
2026-09-25T23:36:42.373Z,"Air Conditioner",237.20,3.156,648.90,0.5410,60.0,0.870
2026-09-25T23:36:44.372Z,"Air Conditioner",237.20,3.158,649.20,0.5410,60.0,0.870
2026-09-25T23:36:46.387Z,"Air Conditioner",237.10,3.154,648.60,0.5420,60.0,0.870
2026-09-25T23:36:48.378Z,"Air Conditioner",237.10,3.156,648.60,0.5420,60.0,0.870
2026-09-25T23:36:50.477Z,"Air Conditioner",237.20,3.159,649.00,0.5420,60.0,0.870
2026-09-25T23:36:52.352Z,"Air Conditioner",237.20,3.157,648.90,0.5430,60.0,0.870
2026-09-25T23:36:54.368Z,"Air Conditioner",237.10,3.158,648.50,0.5430,60.0,0.870
2026-09-25T23:36:56.368Z,"Air Conditioner",237.20,3.160,648.70,0.5430,60.0,0.870
2026-09-25T23:36:58.369Z,"Air Conditioner",237.20,3.155,648.20,0.5440,60.0,0.870
2026-09-25T23:37:00.416Z,"Air Conditioner",237.30,3.158,648.40,0.5440,60.0,0.870
2026-09-25T23:37:02.382Z,"Air Conditioner",237.20,3.158,648.30,0.5450,60.0,0.870
2026-09-25T23:37:04.373Z,"Air Conditioner",237.20,3.154,647.70,0.5450,60.0,0.870
2026-09-25T23:37:06.369Z,"Air Conditioner",237.20,3.155,647.90,0.5450,60.0,0.870
2026-09-25T23:37:08.374Z,"Air Conditioner",237.10,3.154,647.70,0.5460,60.0,0.870
2026-09-25T23:37:10.367Z,"Air Conditioner",237.20,3.154,648.20,0.5460,60.0,0.870
2026-09-25T23:37:12.358Z,"Air Conditioner",237.20,3.155,648.30,0.5460,60.0,0.870
2026-09-25T23:37:14.383Z,"Air Conditioner",237.20,3.153,648.00,0.5470,60.0,0.870
2026-09-25T23:37:16.349Z,"Air Conditioner",236.70,3.148,647.00,0.5470,60.1,0.870
2026-09-25T23:37:18.409Z,"Air Conditioner",237.10,3.153,647.90,0.5470,60.1,0.870
2026-09-25T23:37:20.460Z,"Air Conditioner",237.20,3.151,647.60,0.5480,60.1,0.870
2026-09-25T23:37:22.405Z,"Air Conditioner",237.00,3.150,647.40,0.5480,60.0,0.870
2026-09-25T23:37:24.437Z,"Air Conditioner",237.00,3.152,647.50,0.5490,60.1,0.870
2026-09-25T23:37:26.372Z,"Air Conditioner",237.00,3.150,647.10,0.5490,60.0,0.870
2026-09-25T23:37:28.568Z,"Air Conditioner",236.90,3.150,646.90,0.5490,60.0,0.870
2026-09-25T23:37:30.419Z,"Air Conditioner",237.10,3.150,646.40,0.5500,60.0,0.870
2026-09-25T23:37:32.463Z,"Air Conditioner",237.10,3.147,646.00,0.5500,60.0,0.870
2026-09-25T23:37:34.401Z,"Air Conditioner",237.00,3.146,645.30,0.5500,60.0,0.870
2026-09-25T23:37:36.448Z,"Air Conditioner",237.00,3.145,645.00,0.5510,60.0,0.870
2026-09-25T23:37:38.399Z,"Air Conditioner",237.00,3.141,644.40,0.5510,60.0,0.870
2026-09-25T23:37:40.438Z,"Air Conditioner",237.10,3.145,645.00,0.5520,60.0,0.860
2026-09-25T23:37:42.374Z,"Air Conditioner",237.00,3.145,645.10,0.5520,60.0,0.870
2026-09-25T23:37:44.444Z,"Air Conditioner",237.00,3.143,644.60,0.5520,60.0,0.870
2026-09-25T23:37:46.365Z,"Air Conditioner",236.80,3.144,644.10,0.5530,60.0,0.870
2026-09-25T23:37:48.374Z,"Air Conditioner",236.90,3.146,644.80,0.5530,60.0,0.870
2026-09-25T23:37:50.485Z,"Air Conditioner",237.00,3.150,645.10,0.5530,60.0,0.860
2026-09-25T23:37:52.385Z,"Air Conditioner",236.90,3.150,645.30,0.5540,60.0,0.860
2026-09-25T23:37:54.376Z,"Air Conditioner",236.90,3.149,645.00,0.5540,60.0,0.860
2026-09-25T23:37:56.421Z,"Air Conditioner",236.80,3.149,645.20,0.5540,60.0,0.870
2026-09-25T23:37:58.478Z,"Air Conditioner",236.90,3.152,645.80,0.5550,60.0,0.860
2026-09-25T23:38:00.415Z,"Air Conditioner",236.80,3.150,645.90,0.5550,60.0,0.870
2026-09-25T23:38:02.457Z,"Air Conditioner",236.80,3.151,646.00,0.5550,60.0,0.870
2026-09-25T23:38:04.408Z,"Air Conditioner",236.70,3.151,646.10,0.5560,60.0,0.870
2026-09-25T23:38:06.456Z,"Air Conditioner",236.80,3.150,646.40,0.5560,60.0,0.870
2026-09-25T23:38:08.497Z,"Air Conditioner",236.70,3.152,646.60,0.5560,60.0,0.870
2026-09-25T23:38:10.452Z,"Air Conditioner",236.80,3.150,646.80,0.5570,60.0,0.870
2026-09-25T23:38:12.404Z,"Air Conditioner",236.90,3.153,646.90,0.5570,60.0,0.870
2026-09-25T23:38:14.443Z,"Air Conditioner",236.80,3.152,646.90,0.5580,60.0,0.870
2026-09-25T23:38:16.374Z,"Air Conditioner",236.90,3.153,647.00,0.5580,60.0,0.870
2026-09-25T23:38:18.418Z,"Air Conditioner",236.80,3.155,647.20,0.5580,60.0,0.870
2026-09-25T23:38:20.367Z,"Air Conditioner",236.90,3.153,647.30,0.5590,60.0,0.870
2026-09-25T23:38:22.412Z,"Air Conditioner",236.90,3.156,647.70,0.5590,60.0,0.870
2026-09-25T23:38:24.382Z,"Air Conditioner",236.80,3.155,647.70,0.5590,60.0,0.870
2026-09-25T23:38:26.424Z,"Air Conditioner",236.90,3.158,648.10,0.5600,60.0,0.870
2026-09-25T23:38:28.450Z,"Air Conditioner",236.90,3.158,648.30,0.5600,60.0,0.870
2026-09-25T23:38:30.398Z,"Air Conditioner",237.00,3.159,648.10,0.5600,60.0,0.870
2026-09-25T23:38:32.469Z,"Air Conditioner",236.90,3.160,648.40,0.5610,60.0,0.870
2026-09-25T23:38:34.385Z,"Air Conditioner",236.90,3.158,648.10,0.5610,60.0,0.870
2026-09-25T23:38:36.451Z,"Air Conditioner",236.80,3.160,648.60,0.5620,60.0,0.870
2026-09-25T23:38:38.368Z,"Air Conditioner",236.80,3.159,648.80,0.5620,60.0,0.870
2026-09-25T23:38:40.365Z,"Air Conditioner",236.80,3.162,649.30,0.5620,60.0,0.870
2026-09-25T23:38:42.401Z,"Air Conditioner",236.80,3.162,649.80,0.5630,60.0,0.870
2026-09-25T23:38:44.378Z,"Air Conditioner",237.00,3.166,650.50,0.5630,60.0,0.870
2026-09-25T23:38:46.371Z,"Air Conditioner",237.00,3.163,650.30,0.5630,60.0,0.870
2026-09-25T23:38:48.448Z,"Air Conditioner",236.90,3.167,650.90,0.5640,60.0,0.870
2026-09-25T23:38:50.364Z,"Air Conditioner",237.00,3.167,651.20,0.5640,60.0,0.870
2026-09-25T23:38:52.374Z,"Air Conditioner",237.00,3.168,651.50,0.5640,60.0,0.870
2026-09-25T23:38:54.373Z,"Air Conditioner",237.00,3.169,651.40,0.5650,60.0,0.870
2026-09-25T23:38:56.429Z,"Air Conditioner",236.90,3.168,651.50,0.5650,60.0,0.870
2026-09-25T23:38:58.368Z,"Air Conditioner",236.90,3.169,651.60,0.5660,60.0,0.870
2026-09-25T23:39:00.360Z,"Air Conditioner",237.00,3.171,651.80,0.5660,60.0,0.870
2026-09-25T23:39:02.452Z,"Air Conditioner",237.00,3.170,652.00,0.5660,60.0,0.870
2026-09-25T23:39:04.360Z,"Air Conditioner",237.00,3.170,651.90,0.5670,60.0,0.870
2026-09-25T23:39:06.368Z,"Air Conditioner",237.10,3.171,652.20,0.5670,60.0,0.870
2026-09-25T23:39:08.384Z,"Air Conditioner",237.10,3.171,652.50,0.5670,60.0,0.870
2026-09-25T23:39:10.381Z,"Air Conditioner",237.20,3.172,652.40,0.5680,60.0,0.870
2026-09-25T23:39:12.363Z,"Air Conditioner",237.20,3.170,652.00,0.5680,60.0,0.870
2026-09-25T23:39:14.353Z,"Air Conditioner",237.10,3.169,651.80,0.5680,60.0,0.870
2026-09-25T23:39:16.362Z,"Air Conditioner",237.00,3.166,651.10,0.5690,60.0,0.870
2026-09-25T23:39:18.357Z,"Air Conditioner",237.10,3.167,650.50,0.5690,60.0,0.870
2026-09-25T23:39:20.369Z,"Air Conditioner",237.10,3.162,650.10,0.5690,60.0,0.870
2026-09-25T23:39:22.347Z,"Air Conditioner",237.20,3.166,650.20,0.5700,60.0,0.870
2026-09-25T23:39:24.363Z,"Air Conditioner",237.20,3.159,649.40,0.5700,60.0,0.870
2026-09-25T23:39:26.378Z,"Air Conditioner",237.10,3.161,649.10,0.5710,60.0,0.870
2026-09-25T23:39:28.411Z,"Air Conditioner",237.20,3.157,649.10,0.5710,60.0,0.870
2026-09-25T23:39:30.411Z,"Air Conditioner",237.20,3.163,649.60,0.5710,60.0,0.870
2026-09-25T23:39:32.470Z,"Air Conditioner",237.30,3.160,650.00,0.5720,60.0,0.870
2026-09-25T23:39:34.417Z,"Air Conditioner",237.20,3.160,649.60,0.5720,60.0,0.870
2026-09-25T23:39:36.464Z,"Air Conditioner",237.20,3.158,649.70,0.5720,60.0,0.870
2026-09-25T23:39:38.416Z,"Air Conditioner",237.20,3.161,649.80,0.5730,60.0,0.870
2026-09-25T23:39:40.446Z,"Air Conditioner",237.20,3.161,649.90,0.5730,60.0,0.870
2026-09-25T23:39:42.401Z,"Air Conditioner",237.10,3.164,650.10,0.5730,60.0,0.870
2026-09-25T23:39:44.366Z,"Air Conditioner",237.00,3.162,649.90,0.5740,60.0,0.870
2026-09-25T23:39:46.365Z,"Air Conditioner",236.90,3.165,650.40,0.5740,60.0,0.870
2026-09-25T23:39:48.450Z,"Air Conditioner",236.80,3.165,650.30,0.5750,60.0,0.870
2026-09-25T23:39:50.364Z,"Air Conditioner",237.00,3.167,651.00,0.5750,60.0,0.870
2026-09-25T23:39:52.430Z,"Air Conditioner",237.00,3.167,651.00,0.5750,60.0,0.870
2026-09-25T23:39:54.382Z,"Air Conditioner",237.00,3.167,651.20,0.5760,60.0,0.870
2026-09-25T23:39:56.377Z,"Air Conditioner",237.00,3.167,651.50,0.5760,60.0,0.870
2026-09-25T23:39:58.465Z,"Air Conditioner",236.90,3.165,651.20,0.5760,60.0,0.870
2026-09-25T23:40:00.412Z,"Air Conditioner",237.00,3.168,651.70,0.5770,60.0,0.870
2026-09-25T23:40:02.712Z,"Air Conditioner",237.10,3.165,652.00,0.5770,60.0,0.870
2026-09-25T23:40:04.342Z,"Air Conditioner",236.90,3.165,651.60,0.5770,60.0,0.870
2026-09-25T23:40:06.388Z,"Air Conditioner",237.00,3.166,651.60,0.5780,60.0,0.870
2026-09-25T23:40:08.411Z,"Air Conditioner",236.90,3.165,651.30,0.5780,60.0,0.870
2026-09-25T23:40:10.450Z,"Air Conditioner",236.90,3.166,651.10,0.5790,60.0,0.870
2026-09-25T23:40:12.385Z,"Air Conditioner",236.90,3.162,650.50,0.5790,60.0,0.870
2026-09-25T23:40:14.481Z,"Air Conditioner",236.80,3.164,650.40,0.5790,60.0,0.870
2026-09-25T23:40:16.400Z,"Air Conditioner",236.80,3.162,650.40,0.5800,60.0,0.870
2026-09-25T23:40:18.443Z,"Air Conditioner",236.80,3.164,650.50,0.5800,60.0,0.870
2026-09-25T23:40:20.485Z,"Air Conditioner",236.90,3.164,650.70,0.5800,60.0,0.870
2026-09-25T23:40:22.445Z,"Air Conditioner",236.70,3.162,650.40,0.5810,60.0,0.870
2026-09-25T23:40:24.371Z,"Air Conditioner",236.60,3.159,649.50,0.5810,60.0,0.870
2026-09-25T23:40:26.353Z,"Air Conditioner",236.60,3.157,649.70,0.5810,60.0,0.870
2026-09-25T23:40:28.482Z,"Air Conditioner",236.70,3.160,649.70,0.5820,60.0,0.870
2026-09-25T23:40:30.408Z,"Air Conditioner",236.80,3.159,649.70,0.5820,60.0,0.870
2026-09-25T23:40:32.449Z,"Air Conditioner",236.70,3.158,649.70,0.5830,60.0,0.870
2026-09-25T23:40:34.450Z,"Air Conditioner",236.70,3.158,649.50,0.5830,60.0,0.870
2026-09-25T23:40:36.489Z,"Air Conditioner",236.60,3.155,649.30,0.5830,60.0,0.870
2026-09-25T23:40:38.422Z,"Air Conditioner",236.70,3.158,649.40,0.5840,60.0,0.870
2026-09-25T23:40:40.459Z,"Air Conditioner",236.80,3.157,649.40,0.5840,60.0,0.870
2026-09-25T23:40:42.369Z,"Air Conditioner",236.40,3.152,648.00,0.5840,60.0,0.870
2026-09-25T23:40:44.463Z,"Air Conditioner",236.30,3.151,647.70,0.5850,60.0,0.870
2026-09-25T23:40:46.375Z,"Air Conditioner",236.20,3.149,647.40,0.5850,60.0,0.870
2026-09-25T23:40:48.368Z,"Air Conditioner",236.50,3.155,647.80,0.5850,60.0,0.870
2026-09-25T23:40:50.368Z,"Air Conditioner",236.70,3.151,647.60,0.5860,60.0,0.870
2026-09-25T23:40:52.449Z,"Air Conditioner",236.40,3.150,647.20,0.5860,60.0,0.870
2026-09-25T23:40:54.374Z,"Air Conditioner",236.50,3.148,647.00,0.5870,60.0,0.870
2026-09-25T23:40:56.368Z,"Air Conditioner",236.60,3.150,647.70,0.5870,60.0,0.870
2026-09-25T23:40:58.383Z,"Air Conditioner",236.70,3.152,648.00,0.5870,60.0,0.870
2026-09-25T23:41:00.440Z,"Air Conditioner",236.70,3.150,647.70,0.5880,60.0,0.870
2026-09-25T23:41:02.361Z,"Air Conditioner",236.80,3.151,648.10,0.5880,60.0,0.870
2026-09-25T23:41:04.483Z,"Air Conditioner",236.80,3.150,648.20,0.5880,60.0,0.870
2026-09-25T23:41:06.422Z,"Air Conditioner",237.00,3.151,648.10,0.5890,60.0,0.870
2026-09-25T23:41:08.369Z,"Air Conditioner",237.10,3.153,648.60,0.5890,60.0,0.870
2026-09-25T23:41:10.369Z,"Air Conditioner",236.90,3.150,647.90,0.5890,60.0,0.870
2026-09-25T23:41:12.355Z,"Air Conditioner",237.00,3.151,648.00,0.5900,60.0,0.870
2026-09-25T23:41:14.378Z,"Air Conditioner",237.10,3.151,648.40,0.5900,60.0,0.870
2026-09-25T23:41:16.367Z,"Air Conditioner",237.10,3.156,649.00,0.5900,60.1,0.870
2026-09-25T23:41:18.369Z,"Air Conditioner",237.30,3.155,649.60,0.5910,60.0,0.870
2026-09-25T23:41:20.355Z,"Air Conditioner",237.20,3.156,650.20,0.5910,60.0,0.870
2026-09-25T23:41:22.386Z,"Air Conditioner",237.20,3.158,650.40,0.5910,60.1,0.870
2026-09-25T23:41:24.357Z,"Air Conditioner",237.20,3.158,650.60,0.5920,60.1,0.870
2026-09-25T23:41:26.354Z,"Air Conditioner",237.30,3.163,651.10,0.5920,60.0,0.870
2026-09-25T23:41:28.352Z,"Air Conditioner",237.40,3.161,651.40,0.5930,60.0,0.870
2026-09-25T23:41:30.361Z,"Air Conditioner",237.20,3.165,651.50,0.5930,60.0,0.870
2026-09-25T23:41:32.361Z,"Air Conditioner",237.20,3.166,652.40,0.5930,60.1,0.870
2026-09-25T23:41:34.374Z,"Air Conditioner",237.10,3.165,652.20,0.5940,60.0,0.870
2026-09-25T23:41:36.387Z,"Air Conditioner",237.20,3.170,653.00,0.5940,60.0,0.870
2026-09-25T23:41:38.425Z,"Air Conditioner",237.10,3.167,652.80,0.5940,60.0,0.870
2026-09-25T23:41:40.376Z,"Air Conditioner",237.10,3.167,652.70,0.5950,60.0,0.870
2026-09-25T23:41:42.416Z,"Air Conditioner",237.10,3.170,653.10,0.5950,60.1,0.870
2026-09-25T23:41:44.474Z,"Air Conditioner",237.00,3.166,652.80,0.5950,60.0,0.870
2026-09-25T23:41:46.487Z,"Air Conditioner",237.30,3.173,653.80,0.5960,60.0,0.870
2026-09-25T23:41:48.473Z,"Air Conditioner",237.30,3.172,653.40,0.5960,60.0,0.870
2026-09-25T23:41:50.406Z,"Air Conditioner",237.00,3.171,653.20,0.5970,60.0,0.870
2026-09-25T23:41:52.455Z,"Air Conditioner",237.10,3.172,653.40,0.5970,60.0,0.870
2026-09-25T23:41:54.395Z,"Air Conditioner",237.10,3.176,653.60,0.5970,60.0,0.870
2026-09-25T23:41:56.436Z,"Air Conditioner",237.20,3.176,653.80,0.5980,60.0,0.870
2026-09-25T23:41:58.399Z,"Air Conditioner",237.00,3.176,653.60,0.5980,60.0,0.870
2026-09-25T23:42:00.438Z,"Air Conditioner",237.00,3.175,653.40,0.5980,60.0,0.870
2026-09-25T23:42:02.385Z,"Air Conditioner",237.10,3.172,653.50,0.5990,60.0,0.870
2026-09-25T23:42:04.442Z,"Air Conditioner",237.10,3.174,653.60,0.5990,60.0,0.870
2026-09-25T23:42:06.389Z,"Air Conditioner",237.20,3.174,653.80,0.6000,60.0,0.870
2026-09-25T23:42:08.432Z,"Air Conditioner",237.00,3.170,653.40,0.6000,60.0,0.870
2026-09-25T23:42:10.475Z,"Air Conditioner",237.10,3.168,653.30,0.6000,60.1,0.870
2026-09-25T23:42:12.422Z,"Air Conditioner",237.10,3.169,653.30,0.6010,60.0,0.870
2026-09-25T23:42:14.363Z,"Air Conditioner",237.30,3.169,653.40,0.6010,60.1,0.870
2026-09-25T23:42:16.415Z,"Air Conditioner",237.30,3.171,653.60,0.6010,60.0,0.870
2026-09-25T23:42:18.473Z,"Air Conditioner",237.20,3.172,653.30,0.6020,60.0,0.870
2026-09-25T23:42:20.375Z,"Air Conditioner",237.20,3.169,653.30,0.6020,60.0,0.870
2026-09-25T23:42:22.463Z,"Air Conditioner",237.20,3.171,653.50,0.6020,60.0,0.870
2026-09-25T23:42:24.409Z,"Air Conditioner",237.30,3.171,653.90,0.6030,60.0,0.870
2026-09-25T23:42:26.454Z,"Air Conditioner",237.10,3.168,653.70,0.6030,60.0,0.870
2026-09-25T23:42:28.380Z,"Air Conditioner",237.10,3.167,653.80,0.6040,60.0,0.870
2026-09-25T23:42:30.421Z,"Air Conditioner",237.10,3.166,653.50,0.6040,60.1,0.870
2026-09-25T23:42:32.365Z,"Air Conditioner",237.10,3.167,654.20,0.6040,60.1,0.870
2026-09-25T23:42:34.422Z,"Air Conditioner",237.30,3.172,654.90,0.6050,60.0,0.870
2026-09-25T23:42:36.391Z,"Air Conditioner",237.20,3.171,654.80,0.6050,60.1,0.870
2026-09-25T23:42:38.424Z,"Air Conditioner",237.10,3.172,654.60,0.6050,60.0,0.870
2026-09-25T23:42:40.366Z,"Air Conditioner",237.00,3.168,654.20,0.6060,60.0,0.870
2026-09-25T23:42:42.429Z,"Air Conditioner",237.20,3.173,655.00,0.6060,60.1,0.870
2026-09-25T23:42:44.476Z,"Air Conditioner",237.20,3.173,655.00,0.6060,60.1,0.870
2026-09-25T23:42:46.369Z,"Air Conditioner",237.10,3.169,654.80,0.6070,60.1,0.870
2026-09-25T23:42:48.466Z,"Air Conditioner",237.10,3.172,655.00,0.6070,60.1,0.870
2026-09-25T23:42:50.412Z,"Air Conditioner",237.20,3.173,655.40,0.6080,60.1,0.870
2026-09-25T23:42:52.471Z,"Air Conditioner",237.40,3.176,655.90,0.6080,60.1,0.870
2026-09-25T23:42:54.370Z,"Air Conditioner",237.30,3.172,655.50,0.6080,60.1,0.870
2026-09-25T23:42:56.385Z,"Air Conditioner",237.20,3.173,655.50,0.6090,60.1,0.870
2026-09-25T23:42:58.379Z,"Air Conditioner",237.10,3.174,655.50,0.6090,60.1,0.870
2026-09-25T23:43:00.329Z,"Air Conditioner",237.20,3.174,655.50,0.6090,60.1,0.870
2026-09-25T23:43:02.371Z,"Air Conditioner",237.20,3.179,656.30,0.6100,60.1,0.870
2026-09-25T23:43:04.368Z,"Air Conditioner",237.10,3.178,655.90,0.6100,60.0,0.870
2026-09-25T23:43:06.452Z,"Air Conditioner",237.00,3.173,655.30,0.6100,60.0,0.870
2026-09-25T23:43:08.379Z,"Air Conditioner",237.00,3.175,655.60,0.6110,60.0,0.870
2026-09-25T23:43:10.351Z,"Air Conditioner",237.10,3.178,655.80,0.6110,60.1,0.870
2026-09-25T23:43:12.368Z,"Air Conditioner",237.20,3.178,655.70,0.6120,60.1,0.870
2026-09-25T23:43:14.366Z,"Air Conditioner",237.00,3.175,655.50,0.6120,60.0,0.870
2026-09-25T23:43:16.368Z,"Air Conditioner",237.00,3.174,655.70,0.6120,60.1,0.870
2026-09-25T23:43:18.336Z,"Air Conditioner",237.10,3.175,656.20,0.6130,60.1,0.870
2026-09-25T23:43:20.345Z,"Air Conditioner",237.20,3.176,656.10,0.6130,60.1,0.870
2026-09-25T23:43:22.479Z,"Air Conditioner",237.30,3.179,656.80,0.6130,60.1,0.870
2026-09-25T23:43:24.356Z,"Air Conditioner",237.10,3.173,655.90,0.6140,60.1,0.870
2026-09-25T23:43:26.366Z,"Air Conditioner",237.00,3.174,655.80,0.6140,60.1,0.870
2026-09-25T23:43:28.332Z,"Air Conditioner",237.10,3.175,655.90,0.6140,60.1,0.870
2026-09-25T23:43:30.335Z,"Air Conditioner",237.10,3.172,655.60,0.6150,60.1,0.870
2026-09-25T23:43:32.352Z,"Air Conditioner",237.30,3.175,655.90,0.6150,60.1,0.870
2026-09-25T23:43:34.333Z,"Air Conditioner",237.30,3.178,656.20,0.6160,60.1,0.870
2026-09-25T23:43:36.342Z,"Air Conditioner",237.30,3.176,656.10,0.6160,60.1,0.870
2026-09-25T23:43:38.378Z,"Air Conditioner",237.30,3.171,656.00,0.6160,60.2,0.870
2026-09-25T23:43:40.345Z,"Air Conditioner",237.30,3.168,655.60,0.6170,60.1,0.870
2026-09-25T23:43:42.442Z,"Air Conditioner",237.40,3.168,655.70,0.6170,60.2,0.870
2026-09-25T23:43:44.373Z,"Air Conditioner",237.30,3.171,655.90,0.6170,60.1,0.870
2026-09-25T23:43:46.346Z,"Air Conditioner",237.50,3.172,656.10,0.6180,60.1,0.870
2026-09-25T23:43:48.371Z,"Air Conditioner",237.60,3.173,656.60,0.6180,60.1,0.870
2026-09-25T23:43:50.413Z,"Air Conditioner",237.50,3.173,656.10,0.6180,60.2,0.870
2026-09-25T23:43:52.350Z,"Air Conditioner",237.60,3.173,656.50,0.6190,60.1,0.870
2026-09-25T23:43:54.397Z,"Air Conditioner",237.50,3.171,656.00,0.6190,60.1,0.870
2026-09-25T23:43:56.465Z,"Air Conditioner",237.50,3.175,656.30,0.6200,60.2,0.870
2026-09-25T23:43:58.440Z,"Air Conditioner",237.60,3.175,656.40,0.6200,60.2,0.870
2026-09-25T23:44:00.443Z,"Air Conditioner",237.60,3.176,656.30,0.6200,60.1,0.870
2026-09-25T23:44:02.405Z,"Air Conditioner",237.50,3.172,656.00,0.6210,60.0,0.870
2026-09-25T23:44:04.455Z,"Air Conditioner",237.40,3.172,655.10,0.6210,60.0,0.870
2026-09-25T23:44:06.373Z,"Air Conditioner",237.50,3.173,654.90,0.6210,60.0,0.870
2026-09-25T23:44:08.445Z,"Air Conditioner",237.30,3.171,654.30,0.6220,60.0,0.870
2026-09-25T23:44:10.379Z,"Air Conditioner",237.50,3.174,654.80,0.6220,60.0,0.870
2026-09-25T23:44:12.437Z,"Air Conditioner",237.50,3.172,654.50,0.6220,60.1,0.870
2026-09-25T23:44:14.388Z,"Air Conditioner",237.40,3.169,653.80,0.6230,60.1,0.870
2026-09-25T23:44:16.438Z,"Air Conditioner",237.30,3.165,653.60,0.6230,60.1,0.870
2026-09-25T23:44:18.365Z,"Air Conditioner",237.40,3.166,653.80,0.6240,60.0,0.870
2026-09-25T23:44:20.367Z,"Air Conditioner",237.50,3.167,653.80,0.6240,60.1,0.870
2026-09-25T23:44:22.474Z,"Air Conditioner",237.30,3.162,653.30,0.6240,60.1,0.870
2026-09-25T23:44:24.421Z,"Air Conditioner",237.60,3.167,653.90,0.6250,60.2,0.870
2026-09-25T23:44:26.366Z,"Air Conditioner",237.50,3.165,653.30,0.6250,60.2,0.870
2026-09-25T23:44:28.422Z,"Air Conditioner",237.20,3.158,652.80,0.6250,60.2,0.870
2026-09-25T23:44:30.326Z,"Air Conditioner",236.80,3.156,652.00,0.6260,60.1,0.870
2026-09-25T23:44:32.355Z,"Air Conditioner",236.80,3.158,652.00,0.6260,60.1,0.870
2026-09-25T23:44:34.448Z,"Air Conditioner",236.80,3.157,651.80,0.6270,60.1,0.870
2026-09-25T23:44:36.377Z,"Air Conditioner",236.90,3.159,652.20,0.6270,60.1,0.870
2026-09-25T23:44:38.437Z,"Air Conditioner",237.00,3.162,652.40,0.6270,60.1,0.870
2026-09-25T23:44:40.419Z,"Air Conditioner",237.00,3.160,652.30,0.6280,60.1,0.870
2026-09-25T23:44:42.439Z,"Air Conditioner",236.90,3.161,651.90,0.6280,60.1,0.870
2026-09-25T23:44:44.368Z,"Air Conditioner",236.80,3.155,651.30,0.6280,60.1,0.870
2026-09-25T23:44:46.384Z,"Air Conditioner",236.90,3.155,651.70,0.6290,60.1,0.870
2026-09-25T23:44:48.396Z,"Air Conditioner",237.00,3.161,652.30,0.6290,60.1,0.870
2026-09-25T23:44:50.449Z,"Air Conditioner",237.10,3.161,652.40,0.6290,60.1,0.870
2026-09-25T23:44:52.362Z,"Air Conditioner",237.10,3.159,652.50,0.6300,60.1,0.870
2026-09-25T23:44:54.411Z,"Air Conditioner",236.90,3.157,652.00,0.6300,60.1,0.870
2026-09-25T23:44:56.370Z,"Air Conditioner",236.90,3.156,651.60,0.6310,60.1,0.870
2026-09-25T23:44:58.410Z,"Air Conditioner",237.00,3.156,652.10,0.6310,60.1,0.870
2026-09-25T23:45:00.353Z,"Air Conditioner",236.90,3.158,652.20,0.6310,60.2,0.870
2026-09-25T23:45:02.402Z,"Air Conditioner",237.00,3.160,652.90,0.6320,60.2,0.870
2026-09-25T23:45:04.448Z,"Air Conditioner",236.80,3.157,652.50,0.6320,60.2,0.870
2026-09-25T23:45:06.365Z,"Air Conditioner",236.80,3.156,652.80,0.6320,60.1,0.870
2026-09-25T23:45:08.452Z,"Air Conditioner",236.90,3.156,652.90,0.6330,60.1,0.870
2026-09-25T23:45:10.389Z,"Air Conditioner",236.90,3.159,653.30,0.6330,60.2,0.870
2026-09-25T23:45:12.444Z,"Air Conditioner",236.90,3.162,654.00,0.6330,60.1,0.870
2026-09-25T23:45:14.364Z,"Air Conditioner",237.00,3.161,654.20,0.6340,60.2,0.870